Energy (keV),Intensity (cps),slope,offset,liveTime
-0.017217458956643884,0.0,20.05594293969134,-17.217458956643885,50.55809783935547
0.002838483983047457,0.0
0.022894426922738798,0.0
0.042950369862430136,0.0
0.06300631280212149,0.0
0.08306225574181282,0.0
0.10311819868150417,0.0
0.12317414162119551,0.0
0.14323008456088684,0.0
0.16328602750057816,0.0
0.1833419704402695,0.0
0.20339791337996088,0.0
0.2234538563196522,0.0
0.24350979925934355,0.0
0.2635657421990349,0.0
0.2836216851387262,0.0
0.3036776280784176,0.0
0.32373357101810896,0.0
0.3437895139578002,0.0
0.3638454568974916,0.0
0.3839013998371829,0.0
0.4039573427768743,0.0
0.42401328571656566,0.0
0.4440692286562569,0.0
0.4641251715959483,0.019779225143663915
0.48418111453563967,0.07911690057465566
0.504237057475331,0.1186753508619835
0.5242930004150224,0.1186753508619835
0.5443489433547137,0.21757147658030307
0.5644048862944051,0.31646760229862264
0.5844608292340963,0.43514295316060614
0.6045167721737876,1.0285197074705237
0.624572715113479,1.404324985200138
0.6446286580531704,1.7999094880734163
0.6646846009928618,2.195493990946695
0.684740543932553,2.788870745256612
0.7047964868722444,3.3229098241355377
0.7248524298119358,3.046000672124243
0.7449083727516271,4.133858055025758
0.7649643156913185,4.865689385341323
0.7850202586310097,5.399728464220249
0.805076201570701,5.6766376162315435
0.8251321445103924,5.6766376162315435
0.8451880874500838,6.507365072265428
0.8652440303897752,7.694118580885263
0.8852999733294665,10.878573829015155
0.9053559162691578,13.647665349128102
0.9254118592088492,20.214368096824522
0.9454678021485405,20.90664097685276
0.9655237450882319,21.045095552858406
0.9855796880279232,15.150886460046559
1.0056356309676144,13.23230162111116
1.0256915739073058,12.619145641657578
1.0457475168469974,13.964132951426725
1.0658034597866886,16.634328345821352
1.0858594027263797,17.049692073838294
1.1059153456660713,15.230003360621215
1.1259712886057625,13.172963945680168
1.146027231545454,12.856496343381545
1.1660831744851452,15.269561810908543
1.1861391174248366,18.038653331021493
1.206195060364528,22.01427758489794
1.2262510033042193,22.82522581578816
1.2463069462439107,23.201031093517773
1.266362889183602,18.84960156191171
1.2864188321232932,15.230003360621215
1.3064747750629846,13.23230162111116
1.326530718002676,11.432392133037743
1.3465866609423673,13.489431547978791
1.3666426038820587,18.908939237342704
1.3866985468217499,41.318801325113924
1.4067544897614415,110.92189460566725
1.4268104327011326,261.1648887969383
1.4468663756408242,484.9668212974956
1.4669223185805154,680.68225409405
1.4869782615202065,717.8474181389945
1.507034204459898,579.6104136099274
1.5270901473995893,373.8471344403917
1.5471460903392809,205.0710062895075
1.567202033278972,114.46237590638309
1.5872579762186634,73.71717211043541
1.6073139191583548,77.29721186143858
1.6273698620980461,192.05627614497664
1.6474258050377375,610.2879918077501
1.6674817479774289,1729.020745158525
1.6875376909171202,3735.267109930643
1.7075936338568114,6198.927835375133
1.7276495767965028,7826.9558569501105
1.7477055197361941,7520.061399621021
1.7677614626758855,5575.941581025151
1.787817405615577,3280.819633029821
1.8078733485552683,1639.9548943366062
1.8279292914949594,802.858527806462
1.847985234434651,437.93182390586276
1.8680411773743422,262.49009688156383
1.8880971203140335,162.11052927746945
1.908153063253725,119.30828606658075
1.928209006193416,111.4954921348335
1.9482649491331077,107.816556258112
1.9683208920727988,103.52446440193694
1.9883768350124904,92.34920219576682
2.008432777952182,74.66657491733129
2.0284887208918727,61.592507097369435
2.0485446638315645,48.815127654562545
2.0686006067712555,40.88365837195332
2.088656549710947,34.9696700539978
2.1087124926506386,33.64446196937232
2.1287684355903296,33.960929571670945
2.148824378530021,35.2465792060091
2.1688803214697123,36.987151018651524
2.1889362644094037,37.877216150116396
2.208992207349095,41.041892173102624
2.2290481502887864,47.01521816648913
2.249104093228478,52.83031035872632
2.269160036168169,58.704740226394506
2.28921597910786,65.90437817868816
2.309271922047552,68.77236582451944
2.3293278649872433,70.7107298885985
2.3493838079269342,70.0580154588576
2.3694397508666256,68.93059962566875
2.389495693806317,65.64724825182054
2.409551636746009,58.724519451538164
2.4296075796856997,56.548804685735135
2.449663522625391,52.43472585585304
2.4697194655650825,52.454505080996704
2.4897754085047734,55.48072652797728
2.5098313514444652,56.647700811453454
2.5298872943841566,64.08468946547109
2.549943237323848,80.58056323528679
2.569999180263539,108.78573829015154
2.5900551232032303,172.57373937846768
2.610111066142922,278.70906149936826
2.6301670090826135,457.2956853215097
2.6502229520223044,690.4334120898764
2.6702788949619958,919.1405924260622
2.690334837901687,1052.1361022920585
2.7103907808413785,995.7257521823288
2.73044672378107,817.277582936193
2.7505026667207613,619.7820198767088
2.7705586096604526,514.3587498609801
2.7906145526001436,524.6835053859727
2.8106704955398354,598.816041224425
2.8307264384795268,658.0943789799858
2.850782381419218,653.0704557934952
2.870838324358909,607.7958094396485
2.8908942672986004,587.6605582433987
2.9109502102382923,625.1619691157854
2.931006153177983,688.1785804234986
2.9510620961176746,730.6247975818014
2.971118039057366,686.2797748097069
2.9911739819970573,554.4116807768995
3.0112299249367487,398.07668524137995
3.03128586787644,263.57795426446535
3.0513418108161314,166.10593275648958
3.0713977537558224,111.81195973713211
3.0914536966955137,93.59529337981765
3.1115096396352055,97.43246305768845
3.131565582574897,108.92419286615718
3.151621525514588,124.19375467706573
3.1716774684542792,139.60177106397992
3.1917334113939706,160.23150288882138
3.2117893543336624,195.06271836681353
3.2318452972733533,276.05864533011726
3.2519012402130447,423.7896779281431
3.271957183152736,618.9710716458186
3.2920131260924275,799.0213581285913
3.312069069032119,883.5379871674671
3.33212501197181,826.4353641777094
3.3521809549115016,652.0023776357373
3.3722368978511925,439.4350450167812
3.3922928407908843,268.79966970239263
3.4123487837305757,163.85110109011188
3.432404726670267,114.26458365494645
3.452460669609958,98.5598788908773
3.4725166125496494,100.26089225323238
3.492572555489341,108.78573829015154
3.512628498429032,129.1978986384127
3.5326844413687235,171.6243365715718
3.552740384308415,269.70951405900115
3.5727963272481063,494.55974549217257
3.5928522701877976,989.4557378117875
3.612908213127489,1889.4895987490702
3.6329641560671804,3255.581341746506
3.6530200990068717,4838.750080695653
3.6730760419465627,6150.013811594852
3.6931319848862545,6573.4276842452655
3.713187927825946,5942.351726811525
3.733243870765637,4491.644458649495
3.753299813705328,2892.7907941614226
3.7733557566450195,1583.0302843731415
3.7934116995847114,756.6344786457195
3.8134676425244023,356.1645071619561
3.8335235854640937,192.33318529698792
3.853579528403785,139.6611087394109
3.873635471343476,136.0415105381204
3.893691414283168,170.81338834068157
3.913747357222859,250.6621202456528
3.9338033001625505,378.6337069251583
3.9538592431022415,575.7930231572003
3.973915186041933,801.0783975435322
3.9939711289816247,992.481959258768
4.014027071921316,1054.7271807858783
4.034083014861007,983.2648403418206
4.054138957800698,802.3640471778705
4.074194900740389,563.450786667554
4.094250843680081,360.9115211964355
4.114306786619773,228.05446590644496
4.134362729559464,150.65835791928805
4.154418672499155,110.26918017592634
4.174474615438847,96.8588655285222
4.1945305583785375,91.67670854088225
4.214586501318229,91.77560466660057
4.234642444257921,92.09207226889919
4.254698387197612,92.62611134777812
4.274754330137304,94.86116378901214
4.294810273076994,94.9402806895868
4.314866216016686,97.41268383254479
4.334922158956378,104.33541263282716
4.3549781018960685,116.55897377161146
4.37503404483576,141.34234287662235
4.395089987775451,203.82491510545665
4.415145930715143,316.6653945500593
4.435201873654834,494.67842084303453
4.455257816594525,732.4049278447311
4.475313759534217,974.3839682523155
4.495369702473908,1130.659626112404
4.5154256454135995,1171.325713007777
4.535481588353291,1042.4245027465195
4.555537531292982,830.5296637824479
4.575593474232673,593.0405074824752
4.595649417172364,401.37981584037186
4.615705360112056,284.5834913670364
4.635761303051748,218.61977551291727
4.655817245991439,194.48912083764728
4.6758731889311305,176.33179215576382
4.695929131870821,170.4178038378083
4.715985074810512,156.31521631037592
4.736041017750204,154.17905999486024
4.756096960689895,153.20987796282068
4.776152903629587,158.88651557905223
4.796208846569278,165.82902360447827
4.81626478950897,179.18000057645142
4.8363207324486615,200.4624468310338
4.856376675388352,231.08068735342553
4.876432618328043,265.43720142796974
4.896488561267734,311.740367489287
4.916544504207426,338.77856826067557
4.936600447147118,354.7997406270433
4.956656390086809,340.9345038013349
4.976712333026501,309.9602372263572
4.9967682759661916,272.00390417566615
5.0168242189058825,238.9923774108911
5.036880161845574,208.453253789074
5.056936104785265,192.25406839641326
5.076992047724957,189.70254835288063
5.097047990664648,184.40171601437868
5.11710393360434,187.50705436193394
5.137159876544032,185.50935262242388
5.157215819483722,184.16436531265472
5.1772717624234135,184.42149523952236
5.197327705363104,183.21496250575885
5.217383648302796,186.0433917013028
5.237439591242488,191.85848389353998
5.257495534182179,189.70254835288063
5.277551477121871,188.71358709569742
5.297607420061561,197.0604201063236
5.317663363001253,202.36125244482554
5.3377193059409445,219.6878536706751
5.357775248880635,234.20580492612444
5.377831191820327,247.57656112324125
5.397887134760018,265.1998507262458
5.41794307769971,267.23711091604315
5.437999020639402,266.010798957136
5.458054963579092,250.93902939766411
5.478110906518784,236.55953271822042
5.498166849458475,215.5342163905057
5.518222792398166,203.27109680143406
5.538278735337858,192.55075677356822
5.558334678277549,186.77522303161837
5.578390621217241,181.6128452691221
5.598446564156931,180.58432556165155
5.618502507096623,174.98680484599467
5.638558450036315,176.8262727843554
5.6586143929760055,179.18000057645142
5.678670335915697,179.911831906767
5.698726278855388,178.84375374900912
5.71878222179508,184.67862516639
5.738838164734771,189.18828849914536
5.758894107674462,203.686460529451
5.778950050614154,219.6878536706751
5.799005993553845,246.86450901806933
5.8190619364935365,299.0618841721984
5.839117879433228,354.28548077330805
5.859173822372919,411.40788298820945
5.87922976531261,443.331552370083
5.899285708252301,459.6296338884621
5.919341651191993,439.3954865664939
5.939397594131685,392.36048917486113
5.959453537071376,338.67967213495723
5.9795094800110675,277.720100242185
5.9995654229507585,238.2803253057192
6.01962136589045,214.12989140530556
6.039677308830141,193.32214655417113
6.059733251769832,189.12895082371438
6.079789194709524,185.72692409900418
6.099845137649215,184.63906671610266
6.119901080588907,188.47623639397347
6.1399570235285985,191.8980423438273
6.160012966468289,193.4408219050331
6.18006890940798,209.04663054338394
6.200124852347671,240.37692317094758
6.220180795287363,299.615702476221
6.240236738227055,454.3683600002475
6.260292681166746,768.0075331033262
6.280348624106438,1384.6644354073362
6.300404567046129,2415.9730136231165
6.3204605099858195,3904.537718710119
6.340516452925511,5727.410887175329
6.360572395865202,7537.348442396583
6.380628338804894,8916.791162365991
6.400684281744585,9396.595605900991
6.420740224684277,8845.210146571073
6.440796167623969,7484.3598982367075
6.460852110563659,5634.4485290001085
6.4809080535033505,3826.2317663663534
6.500963996443042,2355.250792432068
6.521019939382733,1337.8667887174272
6.541075882322425,746.5668530475945
6.561131825262116,426.75656169969267
6.581187768201808,279.67824353140776
6.6012437111415,213.9320991538689
6.62129965408119,189.62343145230597
6.6413555970208815,180.20852028392193
6.6614115399605724,177.9734678426879
6.681467482900264,177.79545481639494
6.701523425839956,171.94080417387042
6.721579368779647,174.05718126424247
6.741635311719339,175.77797385174122
6.761691254659029,176.78671433406808
6.781747197598721,176.64825975806244
6.8018031405384125,181.2172607662488
6.821859083478103,189.50475610144397
6.841915026417795,191.87826311868366
6.861970969357486,203.07330454999743
6.882026912297178,224.8502314331714
6.902082855236869,267.0590978897502
6.92213879817656,345.36505023351566
6.942194741116252,460.85594584736924
6.962250684055943,643.8533368765478
6.982306626995634,886.8015593161717
7.002362569935326,1150.498188931499
7.022418512875017,1386.8401501731391
7.042474455814709,1544.4805745681406
7.062530398754399,1561.7676173437028
7.082586341694091,1431.3631859715267
7.102642284633783,1192.2125747594862
7.122698227573474,914.3540199412955
7.142754170513165,651.1320917294162
7.162810113452856,440.79981155169406
7.182866056392548,299.59592325107735
7.202921999332239,204.00292813174963
7.22297794227193,159.16342473106354
7.243033885211622,133.92513344774838
7.263089828151313,124.88602755709397
7.283145771091005,123.95640397534176
7.303201714030696,119.70387056945403
7.323257656970387,125.45962508626022
7.343313599910078,126.5672616943054
7.363369542849769,130.20663912073957
7.383425485789461,131.7296394568017
7.403481428729153,131.82853558252
7.423537371668844,129.474807790424
7.443593314608536,127.43754760062662
7.4636492575482265,126.8441708463167
7.483705200487917,120.43570189976958
7.503761143427609,119.90166282089066
7.5238170863673,115.9853762424452
7.543873029306992,115.21398646184231
7.563928972246683,111.02079073138556
7.583984915186375,111.47571290968983
7.604040858126067,110.30873862621365
7.6240968010657575,114.67994738296339
7.644152744005448,113.8492199269295
7.664208686945139,115.07553188583667
7.684264629884831,116.49963609618047
7.704320572824523,112.4251157165857
7.724376515764214,111.75262206170113
7.744432458703906,112.48445339201669
7.764488401643597,110.82299847994892
7.784544344583288,107.55942633124438
7.804600287522979,110.5065308776503
7.82465623046267,107.10450415294011
7.844712173402362,106.6100235243485
7.864768116342053,106.92649112664714
7.884824059281745,107.85611470839933
7.904880002221437,106.3331143723372
7.924935945161127,103.84093200423555
7.944991888100819,104.90901016199341
7.9650478310405095,104.01894503052854
7.985103773980201,108.21214076098529
8.005159716919893,110.42741397707564
8.025215659859583,115.72824631557758
8.045271602799275,121.64223463353308
8.065327545738967,131.55162643050872
8.085383488678659,140.03691401714053
8.10543943161835,154.02082619371092
8.12549537455804,158.33269727502966
8.145551317497732,159.02497015505787
8.165607260437422,156.29543708523227
8.185663203377114,148.22551322661738
8.205719146316806,137.82164080105017
8.225775089256498,125.34094973539824
8.24583103219619,113.88877837721682
8.26588697513588,107.06494570265278
8.285942918075573,98.85656726803225
8.305998861015263,96.3643848999306
8.326054803954953,95.03917681530511
8.346110746894645,90.23282510539478
8.366166689834337,90.47017580711875
8.386222632774029,90.25260433053845
8.406278575713719,89.02629237163129
8.426334518653412,84.6353043897379
8.446390461593102,89.32298074878625
8.466446404532793,88.51203251789603
8.486502347472486,85.18912269376048
8.506558290412176,86.59344767896063
8.526614233351868,85.72316177263941
8.546670176291558,84.16060298628996
8.566726119231252,85.01110966746751
8.586782062170942,86.57366845381696
8.606838005110632,86.00007092465071
8.626893948050325,85.62426564692109
8.646949890990015,84.00236918514065
8.667005833929707,83.6463431325547
8.687061776869399,81.7870959690503
8.70711771980909,83.96281073485332
8.72717366274878,84.95177199203653
8.74722960568847,84.97155121718018
8.767285548628164,85.01110966746751
8.787341491567854,84.65508361488156
8.807397434507546,86.15830472580002
8.827453377447238,83.38921320568707
8.84750932038693,81.11460231416572
8.86756526332662,77.61367946373721
8.887621206266312,73.85562668644106
8.907677149206004,74.19187351388335
8.927733092145694,73.02489923040717
8.947789035085385,69.62287250569699
8.967844978025077,71.2052105171901
8.98790092096477,69.54375560512233
9.00795686390446,68.67346969880111
9.028012806844151,72.25350944980428
9.048068749783843,71.38322354348307
9.068124692723533,70.29536616058155
9.088180635663226,70.2162492600069
9.108236578602916,70.33492461086888
9.128292521542608,69.60309328055332
9.148348464482298,67.56583309075594
9.16840440742199,62.957273632282245
9.188460350361682,63.07594898314423
9.208516293301372,62.08698772596103
9.228572236241066,60.04972753616365
9.248628179180756,57.241077565763376
9.268684122120447,56.43012933487315
9.28874006506014,56.66748003659712
9.30879600799983,55.322492726827974
9.328851950939521,53.1665571861686
9.348907893879211,52.17759592898541
9.368963836818905,52.07869980326709
9.389019779758595,49.98210193803872
9.409075722698287,47.64815337108637
9.429131665637978,44.46369812295649
9.44918760857767,41.931957304567504
9.46924355151736,39.77602176390813
9.489299494457052,37.79809924954174
9.509355437396744,36.73002109178389
9.529411380336434,36.19598201290496
9.549467323276126,36.235540463192294
9.569523266215818,35.54326758316406
9.58957920915551,33.110422890493396
9.6096351520952,33.09064366534973
9.629691095034891,34.55430632598086
9.649747037974583,33.03130598991874
9.669802980914273,31.82477325615524
9.689858923853967,32.457708460752485
9.709914866793657,30.816032773828383
9.729970809733349,29.530383139490226
9.750026752673039,29.174357086904276
9.77008269561273,26.385486341647663
9.790138638552422,24.724031429579895
9.810194581492112,23.398823344954412
9.830250524431806,21.302225479726037
9.850306467371496,20.075913520818876
9.870362410311188,19.166069164210334
9.89041835325088,18.454017059038435
9.91047429619057,18.59247163504408
9.930530239130261,20.590173374554137
9.950586182069951,23.319706444379758
9.970642125009645,27.592019075411162
9.990698067949335,31.389630302994636
10.010754010889027,38.29257987813334
10.030809953828719,47.252568868213096
10.050865896768409,51.5248814992445
10.0709218397081,57.75533741949864
10.090977782647792,59.77281838415235
10.111033725587484,59.39701310642274
10.131089668527174,50.67437481806695
10.151145611466866,45.03729565212274
10.171201554406558,34.574085551124526
10.191257497346248,26.860187745095597
10.21131344028594,20.66929027512879
10.231369383225632,15.032211109184576
10.251425326165323,11.926872761629342
10.271481269105013,10.95769072958981
10.291537212044707,9.672041095251656
10.311593154984397,9.256677367234714
10.331649097924087,9.454469618671352
10.35170504086378,10.285197074705236
10.37176098380347,11.05658685530813
10.391816926743163,11.907093536485677
10.411872869682853,12.540028741082923
10.431928812622546,12.67848331708857
10.451984755562236,11.471950583325071
10.472040698501926,10.344534750136228
10.49209664144162,10.047846372981269
10.51215258438131,7.753456256316255
10.532208527321002,6.823832674564051
10.552264470260694,5.557962265369561
10.572320413200385,5.617299940800552
10.592376356140075,5.340390788789257
10.612432299079767,5.6370791659442165
10.632488242019459,6.645819648271075
10.65254418495915,7.516105554592288
10.672600127898841,8.327053785482509
10.692656070838533,9.830274896400967
10.712712013778225,10.581885451860195
10.732767956717915,12.500470290795596
10.752823899657608,12.184002688496973
10.772879842597298,12.144444238209644
10.792935785536988,12.579587191370251
10.81299172847668,12.48069106565193
10.833047671416372,11.590625934187054
10.853103614356064,12.816937893094218
10.873159557295754,12.16422346335331
10.893215500235447,12.836717118237882
10.913271443175137,12.42135339022094
10.933327386114827,12.16422346335331
10.953383329054521,11.76863896048003
10.973439271994211,9.691820320395319
10.993495214933903,9.13800201637273
11.013551157873593,8.03036540832755
11.033607100813287,7.436988654017632
11.053663043752977,6.92272880028237
11.073718986692667,6.685378098558403
11.09377492963236,5.755754516806199
11.11383087257205,5.320611563645594
11.133886815511742,4.905247835628651
11.153942758451434,4.925027060772315
11.173998701391126,4.826130935053995
11.194054644330816,4.608559458473692
11.214110587270506,4.588780233330029
11.2341665302102,4.984364736203307
11.25422247314989,4.944806285915979
11.274278416089581,5.023923186490634
11.294334359029273,4.944806285915979
11.314390301968965,5.577741490513224
11.334446244908655,5.478845364794905
11.354502187848347,5.6766376162315435
11.374558130788039,4.905247835628651
11.394614073727729,4.806351709910332
11.41467001666742,4.588780233330029
11.434725959607112,4.667897133904685
11.454781902546804,4.64811790876102
11.474837845486494,4.667897133904685
11.494893788426186,4.470104882468045
11.514949731365878,5.182156987639946
11.535005674305568,4.925027060772315
11.555061617245261,5.043702411634299
11.575117560184951,5.162377762496282
11.595173503124643,5.20193621278361
11.615229446064333,5.083260861921627
11.635285389004027,5.9535467682428385
11.655341331943717,4.569001008186365
11.675397274883407,4.4305464321807175
11.6954532178231,4.964585511059643
11.71550916076279,3.9360658035891194
11.735565103702482,4.114078829882095
11.755621046642174,4.687676359048348
11.775676989581866,4.074520379594767
11.795732932521556,4.3316503064623975
11.815788875461246,4.39098798189339
11.83584481840094,5.142598537352618
11.85590076134063,3.777832002439808
11.875956704280322,4.371208756749725
11.896012647220013,4.806351709910332
11.916068590159705,3.6195982012904966
11.936124533099395,3.758052777296144
11.956180476039087,4.311871081318734
11.976236418978779,4.371208756749725
11.996292361918469,3.6987151018651523
12.01634830485816,3.718494327008816
12.036404247797853,4.015182704163775
12.056460190737544,3.520702075572177
12.076516133677234,3.6393774264341605
12.096572076616926,4.0547411544511025
12.116628019556618,3.73827355215248
12.136683962496308,3.560260525859505
12.156739905436002,3.8569489030144637
12.176795848375692,4.252533405887742
12.196851791315384,4.64811790876102
12.216907734255074,4.727234809335676
12.236963677194765,5.182156987639946
12.257019620134457,5.300832338501929
12.277075563074147,5.300832338501929
12.29713150601384,5.518403815082233
12.317187448953531,5.439286914507577
12.337243391893223,5.6370791659442165
12.357299334832915,4.8459101601976595
12.377355277772605,5.182156987639946
12.397411220712296,5.023923186490634
12.417467163651986,4.114078829882095
12.43752310659168,3.6987151018651523
12.45757904953137,3.8569489030144637
12.477634992471062,3.6393774264341605
12.497690935410754,3.6393774264341605
12.517746878350444,3.3822474995665295
12.537802821290136,3.718494327008816
12.557858764229827,4.133858055025758
12.57791470716952,4.865689385341323
12.59797065010921,4.766793259623004
12.618026593048901,5.894209092811847
12.638082535988593,7.239196402580993
12.658138478928283,10.304976299848901
12.678194421867975,13.647665349128102
12.698250364807667,18.018874105877828
12.718306307747358,22.845005040931824
12.738362250687048,29.64905849035221
12.758418193626742,33.66424119451599
12.778474136566432,37.24428094551915
12.798530079506124,39.65734641304615
12.818586022445814,39.04419043359257
12.838641965385506,35.483929907733064
12.858697908325198,32.24013698417218
12.878753851264888,25.71299268676309
12.898809794204581,22.508758213489536
12.918865737144271,15.704704764069149
12.938921680083963,12.342236489646284
12.958977623023655,8.959988990079754
12.979033565963345,6.843611899707715
12.999089508903037,4.964585511059643
13.019145451842729,4.766793259623004
13.03920139478242,3.9558450287327833
13.05925733772211,3.144896797842563
13.079313280661802,2.808649970400276
13.099369223601494,2.788870745256612
13.119425166541184,3.1646760229862267
13.139481109480876,2.610857718963637
13.159537052420568,2.6306369441073008
13.17959299536026,2.7493122949692843
13.19964893829995,3.046000672124243
13.219704881239643,3.105338347555235
13.239760824179333,2.887766870974932
13.259816767119023,3.303130598991874
13.279872710058715,3.8569489030144637
13.299928652998407,4.608559458473692
13.319984595938099,5.874429867668183
13.340040538877789,6.586481972840084
13.360096481817482,8.623742162637468
13.380152424757172,9.751157995826311
13.400208367696862,11.195041431313777
13.420264310636556,12.16422346335331
13.440320253576246,13.192743170823832
13.460376196515938,13.944353726283062
13.480432139455628,12.757600217663226
13.500488082395321,12.203781913640636
13.520544025335012,10.126963273555925
13.540599968274702,9.078664340941737
13.560655911214395,7.753456256316255
13.580711854154085,5.716196066518871
13.600767797093777,5.340390788789257
13.620823740033469,3.9558450287327833
13.64087968297316,2.82842919554394
13.66093562591285,2.6701953943946286
13.68099156885254,2.136156315515703
13.701047511792234,2.2548316663776866
13.721103454731924,1.9185848389353999
13.741159397671616,2.0570394149410474
13.761215340611308,2.2943901166650145
13.781271283551,1.879026388648072
13.80132722649069,1.859247163504408
13.821383169430383,1.7010133623550967
13.841439112370074,1.9581432892227277
13.861495055309764,1.8196887132170803
13.881550998249455,1.6218964617804412
13.901606941189147,1.7603510377860885
13.921662884128839,2.0768186400847113
13.941718827068529,2.0372601897973834
13.961774770008223,2.2943901166650145
13.981830712947913,2.2152732160903588
14.001886655887603,1.6218964617804412
14.021942598827296,2.4724031429579894
14.041998541766986,2.4328446926706615
14.062054484706678,2.2548316663776866
14.082110427646368,2.3339485669523423
14.102166370586062,2.531740818388981
14.122222313525752,2.2943901166650145
14.142278256465442,2.4130654675269976
14.162334199405135,2.4921823681016533
14.182390142344826,2.0768186400847113
14.202446085284517,2.155935540659367
14.22250202822421,1.9185848389353999
14.242557971163901,1.6218964617804412
14.262613914103591,1.6614549120677689
14.282669857043281,1.7999094880734163
14.302725799982975,1.8196887132170803
14.322781742922665,1.5625587863494494
14.342837685862357,1.5230003360621216
14.362893628802048,1.5230003360621216
14.38294957174174,1.424104210343802
14.40300551468143,1.5230003360621216
14.423061457621122,1.4636626606311298
14.443117400560814,1.5427795612057855
14.463173343500504,1.1669742834761712
14.483229286440196,1.9185848389353999
14.503285229379888,1.5823380114931134
14.52334117231958,1.6812341372114328
14.54339711525927,1.7405718126424246
14.563453058198961,1.7801302629297524
14.583509001138653,1.859247163504408
14.603564944078343,1.6218964617804412
14.623620887018037,1.404324985200138
14.643676829957727,1.7207925874987606
14.663732772897418,1.6021172366367773
14.683788715837109,1.4636626606311298
14.7038446587768,1.404324985200138
14.723900601716492,1.2460911840508266
14.743956544656182,1.2460911840508266
14.764012487595876,1.1669742834761712
14.784068430535566,1.2856496343381545
14.804124373475258,1.1274158331888433
14.82418031641495,1.1669742834761712
14.844236259354641,1.2658704091944906
14.864292202294331,0.8307274560338844
14.884348145234021,1.443883435487466
14.904404088173715,0.8900651314648762
14.924460031113405,1.424104210343802
14.944515974053097,1.0087404823268598
14.964571916992789,1.424104210343802
14.98462785993248,1.1471950583325072
15.00468380287217,1.0482989326141876
15.024739745811862,0.7911690057465567
15.044795688751554,1.2460911840508266
15.064851631691244,1.2460911840508266
15.084907574630936,1.1274158331888433
15.104963517570628,1.5032211109184577
15.12501946051032,1.424104210343802
15.14507540345001,1.5427795612057855
15.165131346389702,1.1669742834761712
15.185187289329393,1.1076366080451794
15.205243232269083,1.1669742834761712
15.225299175208777,1.0878573829015155
15.245355118148467,0.9889612571831958
15.265411061088159,1.1471950583325072
15.285467004027849,1.2065327337634988
15.30552294696754,0.949402806895868
15.325578889907232,1.0680781577578515
15.345634832846923,0.9889612571831958
15.365690775786616,1.0878573829015155
15.385746718726306,1.1471950583325072
15.405802661665998,1.1471950583325072
15.42585860460569,0.7911690057465567
15.44591454754538,1.0087404823268598
15.465970490485072,0.8307274560338844
15.486026433424763,0.8307274560338844
15.506082376364455,0.7516105554592288
15.526138319304145,0.8505066811775484
15.546194262243837,0.949402806895868
15.566250205183529,0.8109482308902206
15.586306148123219,0.929623581752204
15.60636209106291,0.712052105171901
15.626418034002603,0.8505066811775484
15.646473976942294,0.8702859063212123
15.666529919881985,1.0680781577578515
15.686585862821678,0.474701403447934
15.706641805761368,0.7713897806028928
15.726697748701058,0.8900651314648762
15.74675369164075,0.5142598537352618
15.766809634580442,0.6922728800282371
15.786865577520134,0.6724936548845731
15.806921520459824,0.929623581752204
15.826977463399517,0.5933767543099174
15.847033406339207,0.39558450287327834
15.867089349278897,0.7516105554592288
15.887145292218591,0.5735975291662536
15.907201235158281,0.5933767543099174
15.927257178097973,0.712052105171901
15.947313121037663,0.6329352045972453
15.967369063977356,0.5142598537352618
15.987425006917046,0.3560260525859505
16.00748094985674,0.33624682744228657
16.02753689279643,0.474701403447934
16.047592835736122,0.39558450287327834
16.06764877867581,0.5340390788789258
16.087704721615506,0.45492217830427006
16.107760664555194,0.45492217830427006
16.127816607494886,0.43514295316060614
16.147872550434577,0.4944806285915979
16.16792849337427,0.5735975291662536
16.18798443631396,0.5142598537352618
16.20804037925365,0.27690915201129485
16.228096322193345,0.43514295316060614
16.248152265133033,0.5538183040225897
16.268208208072725,0.2571299268676309
16.288264151012417,0.3758052777296144
16.30832009395211,0.45492217830427006
16.3283760368918,0.39558450287327834
16.34843197983149,0.31646760229862264
16.36848792277118,0.3758052777296144
16.388543865710876,0.237350701723967
16.408599808650568,0.3758052777296144
16.428655751590256,0.31646760229862264
16.44871169452995,0.43514295316060614
16.468767637469643,0.27690915201129485
16.48882358040933,0.27690915201129485
16.508879523349023,0.4944806285915979
16.528935466288715,0.5142598537352618
16.548991409228407,0.17801302629297525
16.5690473521681,0.33624682744228657
16.58910329510779,0.474701403447934
16.60915923804748,0.474701403447934
16.62921518098717,0.237350701723967
16.649271123926862,0.13845457600564742
16.669327066866554,0.15823380114931132
16.689383009806246,0.19779225143663917
16.709438952745934,0.07911690057465566
16.72949489568563,0.19779225143663917
16.74955083862532,0.19779225143663917
16.76960678156501,0.13845457600564742
16.7896627245047,0.1186753508619835
16.809718667444393,0.17801302629297525
16.829774610384085,0.09889612571831959
16.849830553323777,0.09889612571831959
16.86988649626347,0.15823380114931132
16.889942439203157,0.19779225143663917
16.90999838214285,0.09889612571831959
16.930054325082544,0.237350701723967
16.950110268022232,0.15823380114931132
16.970166210961924,0.19779225143663917
16.990222153901616,0.13845457600564742
17.010278096841308,0.13845457600564742
17.030334039781,0.03955845028732783
17.050389982720688,0.1186753508619835
17.07044592566038,0.09889612571831959
17.09050186860007,0.03955845028732783
17.110557811539763,0.1186753508619835
17.130613754479455,0.1186753508619835
17.150669697419147,0.07911690057465566
17.170725640358835,0.1186753508619835
17.190781583298527,0.09889612571831959
17.210837526238222,0.1186753508619835
17.23089346917791,0.15823380114931132
17.250949412117603,0.03955845028732783
17.271005355057294,0.1186753508619835
17.291061297996986,0.15823380114931132
17.311117240936678,0.1186753508619835
17.33117318387637,0.13845457600564742
17.351229126816058,0.13845457600564742
17.37128506975575,0.1186753508619835
17.391341012695445,0.13845457600564742
17.411396955635134,0.05933767543099175
17.431452898574825,0.019779225143663915
17.451508841514514,0.05933767543099175
17.47156478445421,0.03955845028732783
17.4916207273939,0.09889612571831959
17.51167667033359,0.07911690057465566
17.53173261327328,0.019779225143663915
17.551788556212973,0.019779225143663915
17.571844499152665,0.09889612571831959
17.591900442092356,0.019779225143663915
17.611956385032048,0.03955845028732783
17.632012327971736,0.03955845028732783
17.65206827091143,0.03955845028732783
17.672124213851124,0.15823380114931132
17.692180156790812,0.019779225143663915
17.712236099730504,0.03955845028732783
17.732292042670196,0.019779225143663915
17.752347985609887,0.09889612571831959
17.77240392854958,0.05933767543099175
17.79245987148927,0.05933767543099175
17.81251581442896,0.05933767543099175
17.83257175736865,0.09889612571831959
17.852627700308343,0.05933767543099175
17.872683643248035,0.07911690057465566
17.892739586187727,0.019779225143663915
17.912795529127415,0.05933767543099175
17.932851472067107,0.03955845028732783
17.952907415006802,0.1186753508619835
17.97296335794649,0.019779225143663915
17.993019300886182,0.09889612571831959
18.013075243825874,0.0
18.033131186765566,0.09889612571831959
18.053187129705258,0.07911690057465566
18.07324307264495,0.05933767543099175
18.093299015584638,0.019779225143663915
18.11335495852433,0.03955845028732783
18.133410901464025,0.05933767543099175
18.153466844403713,0.1186753508619835
18.173522787343405,0.03955845028732783
18.193578730283097,0.09889612571831959
18.213634673222785,0.019779225143663915
18.23369061616248,0.05933767543099175
18.253746559102172,0.019779225143663915
18.27380250204186,0.05933767543099175
18.293858444981552,0.05933767543099175
18.313914387921244,0.0
18.333970330860936,0.05933767543099175
18.354026273800628,0.05933767543099175
18.374082216740316,0.019779225143663915
18.394138159680008,0.019779225143663915
18.414194102619703,0.03955845028732783
18.43425004555939,0.03955845028732783
18.454305988499083,0.019779225143663915
18.474361931438775,0.07911690057465566
18.494417874378463,0.0
18.51447381731816,0.03955845028732783
18.53452976025785,0.0
18.55458570319754,0.019779225143663915
18.57464164613723,0.019779225143663915
18.594697589076926,0.019779225143663915
18.614753532016614,0.07911690057465566
18.634809474956306,0.03955845028732783
18.654865417895998,0.07911690057465566
18.674921360835686,0.1186753508619835
18.69497730377538,0.019779225143663915
18.71503324671507,0.07911690057465566
18.73508918965476,0.019779225143663915
18.755145132594453,0.019779225143663915
18.775201075534145,0.0
18.795257018473837,0.03955845028732783
18.81531296141353,0.07911690057465566
18.835368904353217,0.019779225143663915
18.85542484729291,0.0
18.875480790232604,0.05933767543099175
18.895536733172293,0.019779225143663915
18.915592676111984,0.019779225143663915
18.935648619051676,0.03955845028732783
18.955704561991364,0.019779225143663915
18.97576050493106,0.03955845028732783
18.99581644787075,0.019779225143663915
19.01587239081044,0.019779225143663915
19.03592833375013,0.03955845028732783
19.055984276689827,0.03955845028732783
19.076040219629515,0.05933767543099175
19.096096162569207,0.03955845028732783
19.116152105508895,0.03955845028732783
19.136208048448587,0.1186753508619835
19.156263991388283,0.07911690057465566
19.17631993432797,0.03955845028732783
19.196375877267663,0.05933767543099175
19.216431820207355,0.09889612571831959
19.236487763147043,0.09889612571831959
19.256543706086738,0.05933767543099175
19.27659964902643,0.1186753508619835
19.29665559196612,0.05933767543099175
19.31671153490581,0.1186753508619835
19.336767477845505,0.07911690057465566
19.356823420785194,0.09889612571831959
19.376879363724886,0.03955845028732783
19.396935306664577,0.0
19.416991249604266,0.0
19.43704719254396,0.03955845028732783
19.457103135483653,0.0
19.47715907842334,0.0
19.497215021363033,0.019779225143663915
19.51727096430272,0.019779225143663915
19.537326907242416,0.0
19.55738285018211,0.019779225143663915
19.577438793121797,0.0
19.59749473606149,0.03955845028732783
19.617550679001184,0.05933767543099175
19.637606621940872,0.07911690057465566
19.657662564880564,0.019779225143663915
19.677718507820256,0.07911690057465566
19.697774450759944,0.019779225143663915
19.71783039369964,0.019779225143663915
19.73788633663933,0.09889612571831959
19.75794227957902,0.019779225143663915
19.77799822251871,0.05933767543099175
19.798054165458407,0.05933767543099175
19.818110108398095,0.07911690057465566
19.838166051337787,0.019779225143663915
19.85822199427748,0.019779225143663915
19.878277937217167,0.019779225143663915
19.898333880156862,0.05933767543099175
19.91838982309655,0.03955845028732783
19.938445766036242,0.05933767543099175
19.958501708975934,0.05933767543099175
19.978557651915622,0.03955845028732783
19.998613594855318,0.03955845028732783
20.01866953779501,0.019779225143663915
20.038725480734698,0.07911690057465566
20.05878142367439,0.07911690057465566
20.078837366614085,0.0
20.098893309553773,0.0
20.118949252493465,0.019779225143663915
20.139005195433157,0.03955845028732783
20.159061138372845,0.019779225143663915
20.17911708131254,0.019779225143663915
20.199173024252232,0.0
20.21922896719192,0.019779225143663915
20.239284910131612,0.0
20.259340853071304,0.019779225143663915
20.279396796010996,0.0
20.299452738950688,0.019779225143663915
20.319508681890376,0.019779225143663915
20.339564624830068,0.019779225143663915
20.359620567769763,0.0
20.37967651070945,0.0
20.399732453649143,0.0
20.419788396588835,0.0
20.439844339528523,0.0
20.45990028246822,0.019779225143663915
20.47995622540791,0.019779225143663915
20.5000121683476,0.019779225143663915
20.52006811128729,0.0
20.540124054226986,0.0
20.560179997166674,0.0
20.580235940106366,0.019779225143663915
20.600291883046058,0.0
20.620347825985746,0.03955845028732783
20.64040376892544,0.0
20.660459711865133,0.0
20.68051565480482,0.0
20.700571597744513,0.05933767543099175
20.720627540684205,0.0
20.740683483623897,0.019779225143663915
20.76073942656359,0.0
20.780795369503277,0.0
20.80085131244297,0.0
20.820907255382664,0.019779225143663915
20.840963198322353,0.019779225143663915
20.861019141262044,0.019779225143663915
20.881075084201736,0.019779225143663915
20.901131027141425,0.0
20.92118697008112,0.0
20.94124291302081,0.019779225143663915
20.9612988559605,0.0
20.981354798900192,0.019779225143663915
21.001410741839884,0.0
21.021466684779575,0.0
21.041522627719267,0.03955845028732783
21.06157857065896,0.03955845028732783
21.081634513598647,0.019779225143663915
21.101690456538343,0.0
21.121746399478035,0.05933767543099175
21.141802342417723,0.019779225143663915
21.161858285357415,0.019779225143663915
21.181914228297103,0.0
21.2019701712368,0.019779225143663915
21.22202611417649,0.019779225143663915
21.24208205711618,0.0
21.26213800005587,0.0
21.282193942995562,0.0
21.302249885935254,0.0
21.322305828874946,0.0
21.342361771814637,0.0
21.362417714754326,0.0
21.38247365769402,0.0
21.402529600633713,0.0
21.4225855435734,0.0
21.442641486513093,0.019779225143663915
21.462697429452785,0.0
21.482753372392477,0.019779225143663915
21.50280931533217,0.0
21.52286525827186,0.0
21.54292120121155,0.019779225143663915
21.56297714415124,0.03955845028732783
21.583033087090932,0.019779225143663915
21.603089030030624,0.0
21.623144972970316,0.019779225143663915
21.643200915910004,0.0
21.6632568588497,0.0
21.68331280178939,0.0
21.70336874472908,0.0
21.72342468766877,0.0
21.743480630608463,0.0
21.763536573548155,0.0
21.783592516487847,0.0
21.80364845942754,0.0
21.823704402367227,0.0
21.843760345306922,0.0
21.863816288246614,0.0
21.883872231186302,0.0
21.903928174125994,0.0
21.923984117065686,0.019779225143663915
21.944040060005378,0.0
21.96409600294507,0.0
21.984151945884758,0.0
22.00420788882445,0.019779225143663915
22.02426383176414,0.0
22.044319774703833,0.0
22.064375717643525,0.0
22.084431660583217,0.0
22.104487603522905,0.019779225143663915
22.1245435464626,0.0
22.144599489402292,0.0
22.16465543234198,0.0
22.184711375281672,0.0
22.204767318221364,0.0
22.224823261161056,0.0
22.244879204100748,0.0
22.26493514704044,0.0
22.284991089980128,0.0
22.30504703291982,0.0
22.325102975859515,0.0
22.345158918799203,0.0
22.365214861738895,0.0
22.385270804678584,0.0
22.40532674761828,0.0
22.42538269055797,0.0
22.44543863349766,0.0
22.46549457643735,0.0
22.485550519377043,0.0
22.505606462316734,0.0
22.525662405256426,0.0
22.545718348196118,0.019779225143663915
22.565774291135806,0.0
22.585830234075498,0.0
22.605886177015194,0.0
22.625942119954882,0.0
22.645998062894574,0.0
22.666054005834265,0.019779225143663915
22.686109948773957,0.019779225143663915
22.70616589171365,0.0
22.72622183465334,0.0
22.74627777759303,0.0
22.76633372053272,0.0
22.786389663472413,0.0
22.806445606412105,0.0
22.826501549351796,0.0
22.846557492291485,0.0
22.86661343523118,0.0
22.886669378170872,0.0
22.90672532111056,0.0
22.926781264050252,0.0
22.946837206989944,0.0
22.966893149929636,0.0
22.986949092869327,0.0
23.00700503580902,0.0
23.027060978748707,0.0
23.0471169216884,0.019779225143663915
23.067172864628095,0.019779225143663915
23.087228807567783,0.0
23.107284750507475,0.0
23.127340693447167,0.0
23.14739663638686,0.0
23.16745257932655,0.0
23.187508522266242,0.0
23.20756446520593,0.0
23.227620408145622,0.0
23.247676351085314,0.0
23.267732294025006,0.0
23.287788236964698,0.0
23.307844179904386,0.0
23.327900122844078,0.019779225143663915
23.347956065783773,0.0
23.36801200872346,0.0
23.388067951663153,0.0
23.408123894602845,0.0
23.428179837542537,0.0
23.44823578048223,0.0
23.46829172342192,0.019779225143663915
23.48834766636161,0.0
23.5084036093013,0.0
23.528459552240996,0.0
23.548515495180684,0.0
23.568571438120376,0.0
23.588627381060068,0.0
23.608683323999756,0.0
23.62873926693945,0.0
23.64879520987914,0.0
23.66885115281883,0.0
23.688907095758523,0.0
23.708963038698215,0.0
23.729018981637907,0.0
23.7490749245776,0.0
23.769130867517287,0.0
23.78918681045698,0.0
23.809242753396674,0.0
23.829298696336362,0.0
23.849354639276054,0.0
23.869410582215746,0.0
23.889466525155434,0.0
23.90952246809513,0.0
23.92957841103482,0.0
23.94963435397451,0.0
23.9696902969142,0.0
23.989746239853897,0.0
24.009802182793585,0.0
24.029858125733277,0.0
24.049914068672965,0.0
24.069970011612657,0.0
24.090025954552353,0.0
24.11008189749204,0.019779225143663915
24.130137840431733,0.0
24.150193783371424,0.0
24.170249726311116,0.0
24.190305669250808,0.0
24.2103616121905,0.0
24.230417555130188,0.0
24.25047349806988,0.0
24.270529441009575,0.0
24.290585383949264,0.0
24.310641326888955,0.0
24.330697269828647,0.0
24.350753212768335,0.0
24.37080915570803,0.0
24.390865098647723,0.0
24.41092104158741,0.0
24.430976984527103,0.0
24.451032927466795,0.0
24.471088870406486,0.0
24.491144813346178,0.0
24.511200756285866,0.0
24.53125669922556,0.0
24.551312642165254,0.0
24.571368585104942,0.0
24.591424528044634,0.0
24.611480470984326,0.0
24.631536413924014,0.0
24.65159235686371,0.0
24.6716482998034,0.0
24.69170424274309,0.0
24.71176018568278,0.0
24.731816128622476,0.0
24.751872071562165,0.0
24.771928014501857,0.0
24.79198395744155,0.019779225143663915
24.812039900381237,0.0
24.832095843320932,0.0
24.85215178626062,0.0
24.872207729200312,0.0
24.892263672140004,0.0
24.912319615079692,0.0
24.932375558019388,0.019779225143663915
24.95243150095908,0.0
24.972487443898768,0.0
24.99254338683846,0.0
25.012599329778155,0.0
25.032655272717843,0.0
25.052711215657535,0.0
25.072767158597227,0.0
25.092823101536915,0.0
25.11287904447661,0.0
25.132934987416302,0.0
25.15299093035599,0.0
25.173046873295682,0.0
25.193102816235378,0.0
25.213158759175066,0.0
25.233214702114758,0.0
25.253270645054446,0.0
25.273326587994138,0.0
25.293382530933833,0.0
25.31343847387352,0.0
25.333494416813213,0.0
25.353550359752905,0.0
25.373606302692593,0.0
25.39366224563229,0.0
25.41371818857198,0.0
25.43377413151167,0.0
25.45383007445136,0.0
25.473886017391056,0.0
25.493941960330744,0.0
25.513997903270436,0.0
25.534053846210128,0.0
25.554109789149816,0.0
25.57416573208951,0.0
25.594221675029203,0.0
25.61427761796889,0.0
25.634333560908583,0.0
25.65438950384827,0.0
25.674445446787967,0.0
25.69450138972766,0.0
25.714557332667347,0.0
25.73461327560704,0.0
25.754669218546734,0.0
25.774725161486423,0.0
25.794781104426114,0.0
25.814837047365806,0.0
25.834892990305494,0.0
25.85494893324519,0.0
25.87500487618488,0.0
25.89506081912457,0.0
25.91511676206426,0.0
25.935172705003957,0.0
25.955228647943645,0.0
25.975284590883337,0.0
25.99534053382303,0.0
26.015396476762717,0.0
26.035452419702413,0.0
26.055508362642104,0.0
26.075564305581793,0.0
26.095620248521485,0.0
26.115676191461173,0.0
26.135732134400868,0.0
26.15578807734056,0.0
26.17584402028025,0.0
26.19589996321994,0.0
26.215955906159635,0.0
26.236011849099324,0.0
26.256067792039016,0.0
26.276123734978707,0.0
26.296179677918396,0.0
26.31623562085809,0.0
26.336291563797783,0.0
26.35634750673747,0.0
26.376403449677163,0.0
26.396459392616855,0.0
26.416515335556547,0.0
26.43657127849624,0.0
26.45662722143593,0.0
26.47668316437562,0.0
26.496739107315314,0.0
26.516795050255002,0.0
26.536850993194694,0.0
26.556906936134386,0.0
26.576962879074074,0.0
26.59701882201377,0.0
26.61707476495346,0.0
26.63713070789315,0.0
26.65718665083284,0.0
26.677242593772533,0.0
26.697298536712225,0.0
26.717354479651917,0.0
26.73741042259161,0.0
26.757466365531297,0.0
26.777522308470992,0.0
26.797578251410684,0.0
26.817634194350372,0.0
26.837690137290064,0.0
26.857746080229756,0.0
26.877802023169448,0.0
26.89785796610914,0.0
26.917913909048828,0.0
26.93796985198852,0.0
26.95802579492821,0.0
26.978081737867903,0.0
26.998137680807595,0.0
27.018193623747287,0.0
27.038249566686975,0.0
27.05830550962667,0.0
27.078361452566362,0.0
27.09841739550605,0.0
27.118473338445742,0.0
27.138529281385434,0.0
27.158585224325126,0.0
27.178641167264818,0.0
27.19869711020451,0.0
27.218753053144198,0.0
27.238808996083893,0.0
27.258864939023585,0.0
27.278920881963273,0.0
27.298976824902965,0.0
27.319032767842653,0.0
27.33908871078235,0.0
27.35914465372204,0.0
27.37920059666173,0.0
27.39925653960142,0.0
27.419312482541113,0.0
27.439368425480804,0.0
27.459424368420496,0.0
27.479480311360188,0.0
27.499536254299876,0.0
27.51959219723957,0.0
27.539648140179263,0.0
27.55970408311895,0.0
27.579760026058644,0.0
27.599815968998335,0.0
27.619871911938027,0.0
27.63992785487772,0.0
27.65998379781741,0.0
27.6800397407571,0.0
27.70009568369679,0.0
27.720151626636483,0.0
27.740207569576175,0.0
27.760263512515866,0.0
27.780319455455555,0.0
27.80037539839525,0.0
27.820431341334942,0.0
27.84048728427463,0.0
27.860543227214322,0.0
27.880599170154014,0.0
27.900655113093705,0.0
27.920711056033397,0.0
27.94076699897309,0.0
27.960822941912777,0.0
27.98087888485247,0.0
28.000934827792165,0.0
28.020990770731853,0.0
28.041046713671545,0.0
28.061102656611236,0.0
28.08115859955093,0.0
28.10121454249062,0.0
28.12127048543031,0.0
28.14132642837,0.0
28.161382371309692,0.0
28.181438314249384,0.0
28.201494257189076,0.0
28.221550200128767,0.0
28.241606143068456,0.0
28.26166208600815,0.0
28.281718028947843,0.0
28.30177397188753,0.0
28.321829914827223,0.0
28.341885857766915,0.0
28.361941800706607,0.0
28.3819977436463,0.0
28.40205368658599,0.0
28.42210962952568,0.0
28.44216557246537,0.0
28.462221515405066,0.0
28.482277458344754,0.0
28.502333401284446,0.0
28.522389344224138,0.0
28.54244528716383,0.0
28.56250123010352,0.0
28.58255717304321,0.0
28.6026131159829,0.0
28.622669058922593,0.0
28.642725001862285,0.0
28.662780944801977,0.0
28.68283688774167,0.0
28.702892830681357,0.0
28.72294877362105,0.0
28.743004716560744,0.0
28.763060659500432,0.0
28.783116602440124,0.0
28.803172545379816,0.0
28.823228488319508,0.0
28.8432844312592,0.0
28.86334037419889,0.0
28.88339631713858,0.0
28.90345226007827,0.0
28.923508203017967,0.0
28.943564145957655,0.0
28.963620088897347,0.0
28.983676031837035,0.0
29.003731974776727,0.0
29.023787917716422,0.0
29.04384386065611,0.0
29.063899803595802,0.0
29.083955746535494,0.0
29.104011689475186,0.0
29.124067632414878,0.0
29.14412357535457,0.0
29.164179518294258,0.0
29.18423546123395,0.0
29.204291404173645,0.0
29.224347347113333,0.0
29.244403290053025,0.0
29.264459232992717,0.0
29.284515175932405,0.0
29.3045711188721,0.0
29.324627061811793,0.0
29.34468300475148,0.0
29.364738947691173,0.0
29.384794890630864,0.0
29.404850833570556,0.0
29.424906776510248,0.0
29.444962719449936,0.0
29.465018662389628,0.0
29.485074605329324,0.0
29.505130548269012,0.0
29.525186491208704,0.0
29.545242434148395,0.0
29.565298377088087,0.0
29.58535432002778,0.0
29.60541026296747,0.0
29.62546620590716,0.0
29.64552214884685,0.0
29.665578091786546,0.0
29.685634034726235,0.0
29.705689977665926,0.0
29.72574592060562,0.0
29.745801863545307,0.0
29.765857806485002,0.0
29.78591374942469,0.0
29.805969692364382,0.0
29.826025635304074,0.0
29.846081578243766,0.0
29.866137521183457,0.0
29.88619346412315,0.0
29.906249407062838,0.0
29.92630535000253,0.0
29.946361292942225,0.0
29.966417235881913,0.0
29.986473178821605,0.0
30.006529121761297,0.0
30.026585064700985,0.0
30.04664100764068,0.0
30.066696950580372,0.0
30.08675289352006,0.0
30.106808836459752,0.0
30.126864779399448,0.0
30.146920722339136,0.0
30.166976665278828,0.0
30.187032608218516,0.0
30.207088551158208,0.0
30.227144494097903,0.0
30.24720043703759,0.0
30.267256379977283,0.0
30.287312322916975,0.0
30.307368265856663,0.0
30.32742420879636,0.0
30.34748015173605,0.0
30.36753609467574,0.0
30.38759203761543,0.0
30.407647980555126,0.0
30.427703923494814,0.0
30.447759866434506,0.0
30.467815809374198,0.0
30.487871752313886,0.0
30.50792769525358,0.0
30.527983638193273,0.0
30.54803958113296,0.0
30.568095524072653,0.0
30.588151467012345,0.0
30.608207409952037,0.0
30.62826335289173,0.0
30.648319295831417,0.0
30.66837523877111,0.0
30.688431181710804,0.0
30.708487124650492,0.0
30.728543067590184,0.0
30.748599010529876,0.0
30.768654953469564,0.0
30.78871089640926,0.0
30.80876683934895,0.0
30.82882278228864,0.0
30.84887872522833,0.0
30.868934668168027,0.0
30.888990611107715,0.0
30.909046554047407,0.0
30.9291024969871,0.0
30.949158439926787,0.0
30.969214382866483,0.0
30.989270325806174,0.0
31.009326268745863,0.0
31.029382211685554,0.0
31.049438154625243,0.0
31.069494097564938,0.0
31.08955004050463,0.0
31.109605983444318,0.0
31.12966192638401,0.0
31.149717869323705,0.0
31.169773812263394,0.0
31.189829755203085,0.0
31.209885698142777,0.0
31.229941641082466,0.0
31.24999758402216,0.0
31.270053526961853,0.0
31.29010946990154,0.0
31.310165412841233,0.0
31.330221355780928,0.0
31.350277298720616,0.0
31.37033324166031,0.0
31.3903891846,0.0
31.41044512753969,0.0
31.430501070479384,0.0
31.450557013419072,0.0
31.470612956358764,0.0
31.490668899298456,0.0
31.510724842238144,0.0
31.53078078517784,0.0
31.55083672811753,0.0
31.57089267105722,0.0
31.59094861399691,0.0
31.611004556936606,0.0
31.631060499876295,0.0
31.651116442815987,0.0
31.67117238575568,0.0
31.691228328695367,0.0
31.711284271635062,0.0
31.731340214574754,0.0
31.751396157514442,0.0
31.771452100454134,0.0
31.791508043393826,0.0
31.811563986333518,0.0
31.83161992927321,0.0
31.851675872212898,0.0
31.87173181515259,0.0
31.891787758092285,0.0
31.911843701031973,0.0
31.931899643971665,0.0
31.951955586911357,0.0
31.972011529851045,0.0
31.99206747279074,0.0
32.01212341573043,0.0
32.03217935867012,0.0
32.05223530160981,0.0
32.072291244549504,0.0
32.092347187489196,0.0
32.11240313042889,0.0
32.13245907336858,0.0
32.15251501630827,0.0
32.17257095924796,0.0
32.192626902187655,0.0
32.21268284512734,0.0
32.23273878806704,0.0
32.25279473100672,0.0
32.272850673946415,0.0
32.29290661688611,0.0
32.3129625598258,0.0
32.33301850276549,0.0
32.35307444570518,0.0
32.373130388644874,0.0
32.393186331584566,0.0
32.41324227452426,0.0
32.43329821746395,0.0
32.45335416040364,0.0
32.47341010334333,0.0
32.49346604628302,0.0
32.51352198922272,0.0
32.53357793216241,0.0
32.55363387510209,0.0
32.573689818041785,0.0
32.593745760981484,0.0
32.61380170392117,0.0
32.63385764686086,0.0
32.65391358980055,0.0
32.673969532740244,0.0
32.694025475679936,0.0
32.71408141861963,0.0
32.73413736155932,0.0
32.754193304499005,0.0
32.7742492474387,0.0
32.794305190378395,0.0
32.81436113331808,0.0
32.83441707625778,0.0
32.854473019197464,0.0
32.874528962137155,0.0
32.894584905076854,0.0
32.91464084801654,0.0
32.93469679095623,0.0
32.95475273389592,0.0
32.974808676835615,0.0
32.994864619775306,0.0
33.014920562715,0.0
33.03497650565469,0.0
33.05503244859438,0.0
33.075088391534074,0.0
33.095144334473765,0.0
33.11520027741345,0.0
33.13525622035315,0.0
33.15531216329284,0.0
33.175368106232526,0.0
33.195424049172225,0.0
33.21547999211191,0.0
33.2355359350516,0.0
33.25559187799129,0.0
33.275647820930985,0.0
33.29570376387068,0.0
33.31575970681036,0.0
33.33581564975006,0.0
33.35587159268975,0.0
33.37592753562944,0.0
33.395983478569136,0.0
33.41603942150882,0.0
33.43609536444851,0.0
33.45615130738821,0.0
33.476207250327896,0.0
33.49626319326759,0.0
33.51631913620729,0.0
33.53637507914697,0.0
33.55643102208666,0.0
33.576486965026355,0.0
33.59654290796605,0.0
33.61659885090574,0.0
33.63665479384543,0.0
33.65671073678512,0.0
33.67676667972481,0.0
33.696822622664506,0.0
33.7168785656042,0.0
33.73693450854388,0.0
33.75699045148358,0.0
33.777046394423266,0.0
33.79710233736296,0.0
33.81715828030266,0.0
33.83721422324234,0.0
33.85727016618203,0.0
33.877326109121725,0.0
33.89738205206142,0.0
33.91743799500111,0.0
33.9374939379408,0.0
33.95754988088049,0.0
33.97760582382018,0.0
33.997661766759876,0.0
34.01771770969957,0.0
34.03777365263925,0.0
34.05782959557895,0.0
34.07788553851864,0.0
34.09794148145833,0.0
34.11799742439802,0.0
34.13805336733771,0.0
34.1581093102774,0.0
34.178165253217095,0.0
34.19822119615679,0.0
34.21827713909648,0.0
34.23833308203616,0.0
34.25838902497586,0.0
34.278444967915554,0.0
34.29850091085524,0.0
34.31855685379494,0.0
34.33861279673462,0.0
34.358668739674314,0.0
34.37872468261401,0.0
34.3987806255537,0.0
34.41883656849339,0.0
34.43889251143308,0.0
34.45894845437277,0.0
34.479004397312465,0.0
34.49906034025216,0.0
34.51911628319185,0.0
34.539172226131534,0.0
34.55922816907123,0.0
34.579284112010924,0.0
34.59934005495061,0.0
34.61939599789031,0.0
34.63945194083,0.0
34.659507883769685,0.0
34.67956382670938,0.0
34.69961976964907,0.0
34.71967571258876,0.0
34.73973165552846,0.0
34.759787598468144,0.0
34.779843541407836,0.0
34.79989948434753,0.0
34.81995542728722,0.0
34.84001137022691,0.0
34.8600673131666,0.0
34.880123256106295,0.0
34.90017919904598,0.0
34.92023514198567,0.0
34.94029108492537,0.0
34.960347027865055,0.0
34.98040297080475,0.0
35.00045891374444,0.0
35.02051485668413,0.0
35.04057079962382,0.0
35.060626742563514,0.0
35.080682685503206,0.0
35.1007386284429,0.0
35.12079457138259,0.0
35.14085051432228,0.0
35.160906457261966,0.0
35.180962400201665,0.0
35.20101834314136,0.0
35.22107428608104,0.0
35.24113022902074,0.0
35.261186171960425,0.0
35.28124211490012,0.0
35.301298057839816,0.0
35.3213540007795,0.0
35.34140994371919,0.0
35.361465886658884,0.0
35.381521829598576,0.0
35.40157777253827,0.0
35.42163371547796,0.0
35.44168965841765,0.0
35.461745601357336,0.0
35.481801544297035,0.0
35.50185748723673,0.0
35.52191343017641,0.0
35.54196937311611,0.0
35.562025316055795,0.0
35.58208125899549,0.0
35.602137201935186,0.0
35.62219314487487,0.0
35.64224908781456,0.0
35.66230503075426,0.0
35.682360973693946,0.0
35.70241691663364,0.0
35.72247285957332,0.0
35.74252880251302,0.0
35.76258474545271,0.0
35.7826406883924,0.0
35.8026966313321,0.0
35.82275257427178,0.0
35.84280851721147,0.0
35.86286446015117,0.0
35.88292040309086,0.0
35.90297634603055,0.0
35.92303228897024,0.0
35.94308823190993,0.0
35.963144174849624,0.0
35.983200117789316,0.0
36.00325606072901,0.0
36.02331200366869,0.0
36.04336794660839,0.0
36.06342388954808,0.0
36.08347983248777,0.0
36.10353577542747,0.0
36.12359171836716,0.0
36.143647661306844,0.0
36.16370360424654,0.0
36.18375954718623,0.0
36.20381549012592,0.0
36.22387143306562,0.0
36.2439273760053,0.0
36.263983318944994,0.0
36.284039261884686,0.0
36.30409520482438,0.0
36.32415114776407,0.0
36.34420709070376,0.0
36.364263033643454,0.0
36.38431897658314,0.0
36.40437491952284,0.0
36.42443086246253,0.0
36.444486805402214,0.0
36.46454274834191,0.0
36.4845986912816,0.0
36.50465463422129,0.0
36.52471057716099,0.0
36.54476652010067,0.0
36.564822463040365,0.0
36.58487840598005,0.0
36.60493434891975,0.0
36.62499029185944,0.0
36.645046234799125,0.0
36.665102177738824,0.0
36.685158120678516,0.0
36.7052140636182,0.0
36.7252700065579,0.0
36.745325949497584,0.0
36.765381892437276,0.0
36.785437835376975,0.0
36.80549377831666,0.0
36.82554972125635,0.0
36.84560566419604,0.0
36.865661607135735,0.0
36.88571755007543,0.0
36.90577349301512,0.0
36.92582943595481,0.0
36.945885378894495,0.0
36.965941321834194,0.0
36.985997264773886,0.0
37.00605320771357,0.0
37.02610915065327,0.0
37.046165093592954,0.0
37.066221036532646,0.0
37.086276979472345,0.0
37.10633292241203,0.0
37.12638886535172,0.0
37.14644480829142,0.0
37.166500751231105,0.0
37.1865566941708,0.0
37.20661263711049,0.0
37.22666858005018,0.0
37.24672452298987,0.0
37.266780465929564,0.0
37.286836408869256,0.0
37.30689235180894,0.0
37.32694829474864,0.0
37.34700423768833,0.0
37.367060180628016,0.0
37.38711612356771,0.0
37.4071720665074,0.0
37.42722800944709,0.0
37.44728395238678,0.0
37.467339895326475,0.0
37.48739583826617,0.0
37.50745178120585,0.0
37.52750772414555,0.0
37.54756366708524,0.0
37.56761961002493,0.0
37.587675552964626,0.0
37.60773149590431,0.0
37.627787438844,0.0
37.6478433817837,0.0
37.667899324723386,0.0
37.68795526766308,0.0
37.70801121060278,0.0
37.72806715354246,0.0
37.74812309648215,0.0
37.768179039421845,0.0
37.78823498236154,0.0
37.80829092530123,0.0
37.82834686824092,0.0
37.84840281118061,0.0
37.8684587541203,0.0
37.888514697059996,0.0
37.90857063999969,0.0
37.92862658293937,0.0
37.94868252587907,0.0
37.968738468818756,0.0
37.98879441175845,0.0
38.00885035469815,0.0
38.02890629763783,0.0
38.048962240577524,0.0
38.069018183517215,0.0
38.08907412645691,0.0
38.1091300693966,0.0
38.12918601233629,0.0
38.14924195527598,0.0
38.169297898215675,0.0
38.18935384115536,0.0
38.20940978409506,0.0
38.22946572703474,0.0
38.249521669974435,0.0
38.269577612914134,0.0
38.28963355585382,0.0
38.30968949879351,0.0
38.3297454417332,0.0
38.349801384672894,0.0
38.369857327612586,0.0
38.38991327055228,0.0
38.40996921349197,0.0
38.430025156431654,0.0
38.45008109937135,0.0
38.470137042311045,0.0
38.49019298525073,0.0
38.51024892819043,0.0
38.53030487113011,0.0
38.550360814069805,0.0
38.570416757009504,0.0
38.59047269994919,0.0
38.61052864288888,0.0
38.63058458582857,0.0
38.650640528768264,0.0
38.670696471707956,0.0
38.69075241464765,0.0
38.71080835758734,0.0
38.73086430052703,0.0
38.75092024346672,0.0
38.770976186406415,0.0
38.7910321293461,0.0
38.8110880722858,0.0
38.83114401522549,0.0
38.851199958165175,0.0
38.871255901104874,0.0
38.89131184404456,0.0
38.91136778698425,0.0
38.93142372992395,0.0
38.951479672863634,0.0
38.971535615803326,0.0
38.99159155874302,0.0
39.01164750168271,0.0
39.0317034446224,0.0
39.051759387562086,0.0
39.071815330501785,0.0
39.09187127344147,0.0
39.11192721638116,0.0
39.13198315932086,0.0
39.152039102260545,0.0
39.17209504520024,0.0
39.192150988139936,0.0
39.21220693107962,0.0
39.23226287401931,0.0
39.252318816959004,0.0
39.272374759898696,0.0
39.29243070283839,0.0
39.31248664577808,0.0
39.33254258871777,0.0
39.352598531657456,0.0
39.372654474597155,0.0
39.39271041753685,0.0
39.41276636047653,0.0
39.43282230341623,0.0
39.452878246355915,0.0
39.47293418929561,0.0
39.492990132235306,0.0
39.51304607517499,0.0
39.53310201811468,0.0
39.553157961054374,0.0
39.573213903994066,0.0
39.59326984693376,0.0
39.61332578987345,0.0
39.63338173281314,0.0
39.653437675752826,0.0
39.673493618692525,0.0
39.69354956163222,0.0
39.7136055045719,0.0
39.7336614475116,0.0
39.75371739045129,0.0
39.77377333339098,0.0
39.793829276330676,0.0
39.81388521927036,0.0
39.83394116221005,0.0
39.853997105149745,0.0
39.874053048089436,0.0
39.89410899102913,0.0
39.91416493396881,0.0
39.93422087690851,0.0
39.954276819848204,0.0
39.97433276278789,0.0
39.99438870572759,0.0
40.01444464866727,0.0
40.034500591606964,0.0
40.05455653454666,0.0
40.07461247748635,0.0
40.09466842042604,0.0
40.11472436336573,0.0
40.13478030630542,0.0
40.154836249245115,0.0
40.17489219218481,0.0
40.1949481351245,0.0
40.21500407806418,0.0
40.23506002100388,0.0
40.255115963943574,0.0
40.27517190688326,0.0
40.29522784982296,0.0
40.31528379276265,0.0
40.335339735702334,0.0
40.35539567864203,0.0
40.37545162158172,0.0
40.39550756452141,0.0
40.41556350746111,0.0
40.43561945040079,0.0
40.455675393340485,0.0
40.47573133628018,0.0
40.49578727921987,0.0
40.51584322215956,0.0
40.53589916509925,0.0
40.555955108038944,0.0
40.57601105097863,0.0
40.59606699391833,0.0
40.61612293685802,0.0
40.636178879797704,0.0
40.656234822737396,0.0
40.67629076567709,0.0
40.69634670861678,0.0
40.71640265155647,0.0
40.73645859449616,0.0
40.756514537435855,0.0
40.77657048037555,0.0
40.79662642331524,0.0
40.81668236625493,0.0
40.836738309194615,0.0
40.856794252134314,0.0
40.876850195074006,0.0
40.89690613801369,0.0
40.91696208095339,0.0
40.937018023893074,0.0
40.957073966832766,0.0
40.977129909772465,0.0
40.99718585271215,0.0
41.01724179565184,0.0
41.03729773859153,0.0
